{
    "genome_num": 1,
    "genome_name": "with hft 1",
    "best_genome": {
        "bid_spread_factor": 0.0002062658912870483,
        "ask_spread_factor": 0.007575446900933008,
        "max_inventory_limit": 706,
        "hedge_ratio": 0.9080487724886173,
        "order_size_multiplier": 0.01,
        "skew_factor": 0.0019103719967237477
    }
}