{
    "genome_num": 2,
    "genome_name": "with hft 2",
    "best_genome": {
        "bid_spread_factor": 0.0007442459474467306,
        "ask_spread_factor": 0.00028496820545249716,
        "max_inventory_limit": 180,
        "hedge_ratio": 0.36569511416721734,
        "order_size_multiplier": 0.01,
        "skew_factor": 0.08788276195347498
    }
}